Player_Id,Player_Name
1,DA Warner
2,NW Bracken
3,DJ Hussey
4,SR Watson
5,BJ Haddin
6,PJ Cummins
7,CL White
8,MEK Hussey
9,MG Johnson
10,AC Gilchrist
11,SPD Smith
12,DP Nannes
13,MS Wade
14,SW Tait
15,MJ Clarke
16,AJ Finch
17,GJ Maxwell
18,GJ Bailey
19,RJ Harris
20,RT Ponting
21,GB Hogg
22,B Lee
23,DT Christian
24,BJ Hodge
25,CJ McKay
26,A Symonds
27,SR Clark
28,AA Noffke
29,NM Coulter-Nile
30,ML Hayden
31,BCJ Cutting
32,TD Paine
33,MA Starc
34,JR Hopes
35,SE Marsh
36,DE Bollinger
37,JM Muirhead
38,JL Pattinson
39,AC Voges
40,JP Faulkner
41,MS Kasprowicz
42,DR Martyn
43,SM Katich
44,XJ Doherty
45,TR Birt
46,CJ Ferguson
47,Fawad Ahmed
48,NM Hauritz
49,MC Henriques
50,B Geeves
51,JN Gillespie
52,B Laughlin
53,MR Marsh
54,ML Lewis
55,SM Harwood
56,CA Lynn
57,L Ronchi
58,GD McGrath
59,JW Hastings
60,JR Hazlewood
61,NJ Maddinson
62,SNJ O'Keefe
63,BW Hilfenhaus
64,MJ North
65,LA Pomersbach
66,BJ Rohrer
67,PM Siddle
68,KP Pietersen
69,SCJ Broad
70,GP Swann
71,LJ Wright
72,EJG Morgan
73,AD Hales
74,JM Anderson
75,RS Bopara
76,TT Bresnan
77,JC Buttler
78,PD Collingwood
79,JW Dernbach
80,MJ Lumb
81,MM Ali
82,C Kieswetter
83,GJ Batty
84,JM Bairstow
85,ST Finn
86,SG Borthwick
87,SR Patel
88,OA Shah
89,DR Briggs
90,RJ Sidebottom
91,AD Mascarenhas
92,JWM Dalrymple
93,JC Tredwell
94,MH Yardy
95,JL Denly
96,MJ Prior
97,IR Bell
98,A Flintoff
99,ME Trescothick
100,JE Root
101,D Gough
102,CJ Jordan
103,IJL Trott
104,BA Stokes
105,SJ Harmison
106,SM Davies
107,JS Foster
108,AU Rashid
109,A Khan
110,AN Cook
111,RJ Kirtley
112,DL Maddy
113,J Lewis
114,SI Mahmood
115,CP Schofield
116,AJ Strauss
117,CR Woakes
118,SC Meaker
119,VS Solanki
120,SD Parry
121,MS Panesar
122,A Shahzad
123,LE Plunkett
124,P Mustard
125,GO Jones
126,WB Rankin
127,EC Joyce
128,MP Vaughan
129,TR Ambrose
130,RWT Key
131,JN Snape
132,PA Nixon
133,CT Tremlett
134,CMW Read
135,BB McCullum
136,Harbhajan Singh
137,LRPL Taylor
138,MJ Guptill
139,RA Jadeja
140,NL McCullum
141,TG Southee
142,S Sreesanth
143,JEC Franklin
144,SB Styris
145,JDP Oram
146,AB Agarkar
147,CJ Anderson
148,PD McGlashan
149,R Ashwin
150,DL Vettori
151,PP Chawla
152,KD Mills
153,JD Ryder
154,AB Dinda
155,KS Williamson
156,P Kumar
157,GJ Hopkins
158,RJ Nicol
159,DAJ Bracewell
160,A Mishra
161,SE Bond
162,IK Pathan
163,NT Broom
164,PG Fulton
165,P Awana
166,MJ McClenaghan
167,C Munro
168,JS Patel
169,L Balaji
170,NJ Astle
171,CD McMillan
172,IG Butler
173,Joginder Sharma
174,L Vincent
175,JDS Neesham
176,M Kartik
177,AJ Redmond
178,HD Rutherford
179,DG Brownlie
180,Z Khan
181,SP Fleming
182,DR Flynn
183,V Kohli
184,RM Hira
185,B Kumar
186,BJ Watling
187,AR Adams
188,Mohammed Shami
189,GW Aldridge
190,CL Cairns
191,A Nehra
192,C de Grandhomme
193,MR Gillespie
194,PP Ojha
195,JM How
196,AP Devcich
197,PJ Ingram
198,MM Patel
199,TWM Latham
200,HJH Marshall
201,YK Pathan
202,CS Martin
203,AF Milne
204,SK Raina
205,V Sehwag
206,LJ Woodcock
207,MD Bates
208,I Sharma
209,TA Boult
210,MM Sharma
211,BJ Diamanti
212,GD Elliott
213,R Sharma
214,AM Ellis
215,PA Hitchcock
216,RG Sharma
217,AJ McKay
218,JAH Marshall
219,RP Singh
220,MJ Mason
221,IE O'Brien
222,SR Tendulkar
223,MS Sinclair
224,EP Thompson
225,S Tyagi
226,DR Tuffey
227,JW Wilson
228,R Vinay Kumar
229,Kamran Akmal
230,Umar Akmal
231,UT Yadav
232,Shoaib Malik
233,Shahid Afridi
234,Yuvraj Singh
235,Umar Gul
236,Mohammad Hafeez
237,S Badrinath
238,Misbah-ul-Haq
239,Saeed Ajmal
240,S Dhawan
241,Younis Khan
242,Imran Nazir
243,MS Dhoni
244,Ahmed Shehzad
245,Fawad Alam
246,R Dravid
247,Sohail Tanvir
248,Abdur Rehman
249,G Gambhir
250,Nasir Jamshed
251,Yasir Shah
252,KD Karthik
253,Asad Shafiq
254,Imran Farhat
255,D Mongia
256,Mohammad Amir
257,Mohammad Asif
258,NV Ojha
259,Salman Butt
260,Sarfraz Ahmed
261,PA Patel
262,Shahzaib Hasan
263,Umar Amin
264,AM Rahane
265,Abdul Razzaq
266,Hammad Azam
267,MK Tiwary
268,Mohammad Salman
269,RV Uthappa
270,Mohammad Sami
271,Naved-ul-Hasan
272,M Vijay
273,Raza Hasan
274,Shoaib Akhtar
275,Sohaib Maqsood
276,Usman Khan
277,Bilawal Bhatti
278,Haris Sohail
279,Khalid Latif
280,Mohammad Yousuf
281,Sharjeel Khan
282,Shoaib Khan jnr
283,Wahab Riaz
284,Yasir Arafat
285,Zulfiqar Babar
286,Zulqarnain Haider
287,Aizaz Cheema
288,Anwar Ali
289,Awais Zia
290,Inzamam-ul-Haq
291,Junaid Khan
292,Mohammad Irfan
293,Rameez Raja
294,AB de Villiers
295,Q de Kock
296,JP Duminy
297,MV Boucher
298,GC Smith
299,J Botha
300,JA Morkel
301,DA Miller
302,DW Steyn
303,F du Plessis
304,HM Amla
305,RJ Peterson
306,HH Gibbs
307,JH Kallis
308,JL Ontong
309,RE van der Merwe
310,HG Kuhn
311,RE Levi
312,M Morkel
313,F Behardien
314,Imran Tahir
315,JM Kemp
316,R McLaren
317,WD Parnell
318,CA Ingram
319,CH Morris
320,M Ntini
321,SM Pollock
322,J Theron
323,MN van Wyk
324,D Wiese
325,KJ Abbott
326,LE Bosman
327,RK Kleinveldt
328,CK Langeveldt
329,A Nel
330,AN Petersen
331,VD Philander
332,LL Tsotsobe
333,YA Abdulla
334,GH Bodi
335,N Boje
336,H Davids
337,M de Lange
338,HH Dippenaar
339,AJ Hall
340,T Henderson
341,BE Hendricks
342,GJP Kruger
343,J Louw
344,ND McKenzie
345,AM Phangiso
346,AG Prince
347,JA Rudolph
348,R Telemachus
349,AC Thomas
350,JJ van der Wath
351,VB van Jaarsveld
352,DJ Vilas
353,M Zondeki
354,KC Sangakkara
355,TM Dilshan
356,DPMD Jayawardene
357,AD Mathews
358,SL Malinga
359,NLTC Perera
360,LD Chandimal
361,KMDN Kulasekara
362,J Mubarak
363,CK Kapugedera
364,BAW Mendis
365,HDRL Thirimanne
366,LPC Silva
367,ST Jayasuriya
368,SHT Kandamby
369,BMAJ Mendis
370,MDKJ Perera
371,K Weeraratne
372,CRD Fernando
373,HGJM Kulatunga
374,MF Maharoof
375,SMSM Senanayake
376,T Thushara
377,HMCM Bandara
378,A Dananjaya
379,SI de Saram
380,RMS Eranga
381,KS Lokuarachchi
382,EMDY Munaweera
383,M Muralitharan
384,AK Perera
385,S Prasanna
386,M Pushpakumara
387,RJMGM Rupasinghe
388,WU Tharanga
389,I Udana
390,RP Arnold
391,MS Atapattu
392,LHD Dilhara
393,HMRKB Herath
394,CU Jayasinghe
395,S Randiv
396,RAS Lakmal
397,MDK Perera
398,PDRL Perera
399,KTGD Prasad
400,ML Udawatte
401,WPUJC Vaas
402,G Wijekoon
403,UWMBCA Welegedara
404,D Ramdin
405,DJ Bravo
406,DJG Sammy
407,KA Pollard
408,ADS Fletcher
409,LMP Simmons
410,CH Gayle
411,J Charles
412,MN Samuels
413,SJ Benn
414,S Chanderpaul
415,RR Sarwan
416,AD Russell
417,FH Edwards
418,DR Smith
419,JE Taylor
420,S Badree
421,DP Hyatt
422,XM Marshall
423,CD Barnwell
424,N Deonarine
425,A Martin
426,NO Miller
427,RS Morton
428,DBL Powell
429,R Rampaul
430,AB Barath
431,IDR Bradshaw
432,DK Butler
433,SE Findlay
434,ST Gabriel
435,WW Hinds
436,RN Lewis
437,GE Mathurin
438,AR Nurse
439,WKD Perkins
440,KOA Powell
441,FL Reifer
442,KAJ Roach
443,K Santokie
444,DS Smith
445,DC Thomas
446,GC Tonge
447,CAK Walton
448,LS Baker
449,MC Bascombe
450,CS Baugh
451,DE Bernard
452,TL Best
453,D Bishoo
454,NE Bonner
455,CR Brathwaite
456,DM Bravo
457,DO Christian
458,SS Cottrell
459,TM Dowlin
460,D Ganga
461,JO Holder
462,SP Narine
463,BA Parchment
464,ACL Richards
465,DM Richards
466,Abdur Rauf
467,Asad Ali
468,Iftikhar Anjum
469,Mansoor Amjad
470,Shabbir Ahmed
471,Sohail Khan
472,Tanvir Ahmed
473,Shakeel Ansar
474,RLB Rambukwella
475,AJ Stewart
476,IA Healy
477,J Srinath
478,AR Border
479,RW Marsh
480,A Kumble
481,SR Waugh
482,GA Gooch
483,ME Waugh
484,SK Warne
485,BKV Prasad
486,MG Bevan
487,AJ Lamb
488,M Prabhakar
489,GA Hick
490,RJ Shastri
491,MA Taylor
492,NV Knight
493,DM Jones
494,WB Phillips
495,DI Gower
496,DC Boon
497,PL Taylor
498,GR Marsh
499,RA Smith
500,TM Alderman
501,RMH Binny
502,SB Joshi
503,GC Dyer
504,N Hussain
505,KJ Hughes
506,Maninder Singh
507,CJ McDermott
508,GP Thorpe
509,DS Lehmann
510,IT Botham
511,PR Reiffel
512,GS Chappell
513,MW Gatting
514,S Lee
515,SC Ganguly
516,GRJ Matthews
517,NH Fairbrother
518,TJ Zoehrer
519,RR Singh
520,SP O'Donnell
521,TM Moody
522,AJ Bichel
523,KC Wessels
524,GF Lawson
525,MA Atherton
526,JP Maher
527,BC Broad
528,IJ Harvey
529,N Chopra
530,GM Wood
531,DS Mohanty
532,DW Fleming
533,Arshad Ayub
534,G Boycott
535,DW Randall
536,J Dyson
537,C Sharma
538,SG Law
539,AC Dale
540,A Kuruvilla
541,DW Hookes
542,CWJ Athey
543,SJ Rixon
544,MR Whitney
545,M Amarnath
546,DL Amiss
547,BS Bedi
548,TG Hogan
549,G Fowler
550,DK Lillee
551,SLV Raju
552,KD Walters
553,CJ Tavare
554,KWR Fletcher
555,GM Ritchie
556,BS Sandhu
557,MJ Slater
558,PAJ DeFreitas
559,JR Thomson
560,TM Chappell
561,MA Ealham
562,RM Hogg
563,BP Julian
564,SB Smith
565,RK Chauhan
566,AJ Hollioake
567,MRJ Veletta
568,KD Ghavri
569,DM Wellham
570,RT Robinson
571,KJ Wright
572,GS Blewett
573,AIC Dodemaide
574,W Larkins
575,SM Patil
576,C White
577,WM Darling
578,DR Doshi
579,P Willey
580,MG Hughes
581,S Venkataraghavan
582,LS Pascoe
583,JM Brearley
584,CG Rackemann
585,BA Reid
586,JE Emburey
587,MHN Walker
588,Harvinder Singh
589,RJ Campbell
590,IM Chappell
591,ND Hirwani
592,SP Davis
593,RR Powar
594,PJ Hughes
595,BM Laird
596,SK Sharma
597,GA Manou
598,GN Yallop
599,AR Kapoor
600,GD Campbell
601,GJ Cosier
602,PJ Forrest
603,DR Pringle
604,MF Kent
605,AK Sharma
606,AA Mallett
607,RC Russell
608,RD Robinson
609,L Sivaramakrishnan
610,RB Simpson
611,ID Blackwell
612,JD Unadkat
613,BA Williams
614,AF Giles
615,PA Emery
616,SA Ankola
617,DR Gilbert
618,MR Ramprakash
619,PA Jaques
620,KBJ Azad
621,JL Langer
622,RC Irani
623,RB McCosker
624,ST Banerjee
625,TBA May
626,CC Lewis
627,GR Robertson
628,HH Kanitkar
629,A Turner
630,RDB Croft
631,RJ Bright
632,RR Kulkarni
633,IW Callen
634,DJ Capel
635,DJ Cullen
636,T Kumaran
637,GJ Gilmour
638,SV Nayak
639,JJ Krejza
640,AD Brown
641,AK Patel
642,SCG MacGill
643,KH MacLeay
644,ED Solkar
645,JN Maguire
646,CM Old
647,JK Moss
648,BC Hollioake
649,IR Redpath
650,AM Stuart
651,JM Wiener
652,RD Woolley
653,DA Reeve
654,BE Young
655,NM Kulkarni
656,MJ Bennett
657,D Lloyd
658,GA Bishop
659,VJ Marks
660,MJ Di Venuto
661,G Dymock
662,AM Salvi
663,B Wood
664,SF Graf
665,MH Denness
666,AMJ Hilditch
667,RS Sodhi
668,AG Hurst
669,AW Greig
670,RB Kerr
671,K Srikkanth
672,WM Lawry
673,CT Radley
674,AR Caddick
675,NM Lyon
676,NS Yadav
677,RJ McCurdy
678,SB Bangar
679,MF Malone
680,PR Downton
681,GK Bose
682,RAL Massie
683,GD Porter
684,JP Crawley
685,CS Serjeant
686,A Jadeja
687,KR Stackpole
688,SP Mukherjee
689,P Wilson
690,B Yardley
691,WV Raman
692,AK Zesers
693,JH Edrich
694,J Angel
695,GR Beard
696,DL Bairstow
697,PH Carlson
698,VR Aaron
699,WM Clark
700,DJ Colley
701,M Azharuddin
702,AN Connolly
703,APE Knott
704,MJ Cosgrove
705,DG Cork
706,NA David
707,IC Davis
708,MD Moxon
709,BR Dorey
710,R Edwards
711,JE Morris
712,WJ Edwards
713,RS Ghai
714,MTG Elliott
715,MS Gony
716,JR Hammond
717,MP Maynard
718,IJ Gould
719,AO Malhotra
720,TJ Jenner
721,CJ Richards
722,UT Khawaja
723,PL Mhambrey
724,TJ Laughlin
725,MW Alleyne
726,JA Maclean
727,A Mithun
728,A McGrath
729,KJ O'Keeffe
730,NA Foster
731,KW Richardson
732,GK Pandey
733,AP Sheahan
734,GD Barlow
735,JD Siddons
736,RGM Patel
737,MB Loye
738,PM Toohey
739,SS Raul
740,ARC Fraser
741,RL Sanghvi
742,VJ Wells
743,Sarandeep Singh
744,G Sharma
745,MV Fleming
746,R Clarke
747,S Sriram
748,RJ Bailey
749,G Miller
750,PS Vaidya
751,T Yohannan
752,GS Ballance
753,PK Amre
754,GRJ Roope
755,B Arun
756,TE Jesty
757,HK Badani
758,SV Bahutule
759,FC Hayes
760,RW Taylor
761,A Bhandari
762,STR Binny
763,PH Edmonds
764,BS Chandrasekhar
765,GR Dilley
766,U Chatterjee
767,AD Gaekwad
768,CL Smith
769,MA Carberry
770,RGD Willis
771,D Ganesh
772,SJ Rhodes
773,RS Gavaskar
774,SM Gavaskar
775,G Cook
776,VG Kambli
777,TA Lloyd
778,R Lamba
779,DR Brown
780,VVS Laxman
781,BN French
782,BC Rose
783,SV Manjrekar
784,GC Small
785,AV Mankad
786,MP Bicknell
787,AM Nayar
788,Pankaj Singh
789,Kabir Ali
790,LS Rajput
791,S Ramesh
792,RM Ellison
793,Randhir Singh
794,AD Mullally
795,AT Rayudu
796,KJ Barnett
797,V Razdan
798,TAP Sekhar
799,NMK Smith
800,LR Shukla
801,CJ Adams
802,NS Sidhu
803,RK Illingworth
804,MJ Smith
805,VRV Singh
806,DB Vengsarkar
807,JD Love
808,M Venkataramana
809,JA Jameson
810,AS Wassan
811,Yashpal Sharma
812,S Amarnath
813,RO Butcher
814,JK Lever
815,RD Jackman
816,AC Bedade
817,VB Chandrasekhar
818,CS Cowdrey
819,CPS Chauhan
820,DL Underwood
821,V Dahiya
822,SS Das
823,NG Cowans
824,D Dasgupta
825,DB Close
826,P Dharmani
827,GG Arnold
828,EE Hemmings
829,JH Hampshire
830,MJ Hoggard
831,SS Dighe
832,JJ Whitaker
833,FM Engineer
834,WN Slack
835,DJ Gandhi
836,GB Stevenson
837,Gursharan Singh
838,W Jaffer
839,GD Lloyd
840,M Kaif
841,AV Kale
842,PJ Martin
843,SS Karim
844,JO Troughton
845,SD Udal
846,SC Khanna
847,PCR Tufnell
848,ID Austin
849,GK Khoda
850,AR Khurasiya
851,PW Jarvis
852,SMH Kirmani
853,RJ Blakey
854,P Krishnamurthy
855,DW Headley
856,BL D'Oliveira
857,JJ Martin
858,RA Woolmer
859,NR Mongia
860,PJW Allott
861,KS More
862,SS Naik
863,JWA Taylor
864,CS Pandit
865,MR Benson
866,GW Humpage
867,JV Paranjpe
868,P Lever
869,GAHM Parkar
870,CM Wells
871,BP Patel
872,AP Igglesden
873,MSK Prasad
874,CA Pujara
875,AG Wharf
876,V Rathour
877,A Ratra
878,B Reddy
879,CEW Silverwood
880,WP Saha
881,RL Johnson
882,PH Sharma
883,S Somasunder
884,DM Smith
885,TE Srinivasan
886,DE Malcolm
887,AP Wells
888,SS Tiwary
889,AR Butcher
890,G Chapple
891,BW Luckhurst
892,GR Viswanath
893,S Viswanath
894,AL Wadekar
895,V Yadav
896,Sir RJ Hadlee
897,EJ Chatfield
898,MD Crowe
899,GR Larsen
900,AC Parore
901,CZ Harris
902,IDS Smith
903,JG Wright
904,BL Cairns
905,KR Rutherford
906,MC Snedden
907,AH Jones
908,DK Morrison
909,RG Twose
910,W Watson
911,TE Blain
912,JV Coney
913,C Pringle
914,MJ Greatbatch
915,DJ Nash
916,WK Lees
917,LK Germon
918,DN Patel
919,JJ Crowe
920,BA Edgar
921,BA Young
922,GM Turner
923,SB Doull
924,GB Troup
925,JG Bracewell
926,GP Howarth
927,RO Collinge
928,SA Thomson
929,CJ Nevin
930,GI Allott
931,SR Gillespie
932,EB McSweeney
933,BJ McKechnie
934,SB O'Connor
935,CM Spearman
936,HJ Howarth
937,MJ Horne
938,GK Robertson
939,RT Latham
940,BE Congdon
941,JF Reid
942,RG Petrie
943,JM Parker
944,JTC Vaughan
945,KJ Wadsworth
946,CM Kuggeleijn
947,DR Hadlee
948,ML Su'a
949,MG Burgess
950,SL Boock
951,MN Hart
952,GE Bradburn
953,EJ Gray
954,CD Cumming
955,JFM Morrison
956,MW Priest
957,GN Edwards
958,BR Hartland
959,RP de Groen
960,HK Bennett
961,LG Howell
962,BGK Walker
963,BR Blair
964,BF Hastings
965,CJ Drum
966,RH Vance
967,TS Nethula
968,RB Reid
969,RJ Kennedy
970,PE McEwan
971,DA Stirling
972,DR O'Sullivan
973,PN Webb
974,VR Brown
975,PG Coman
976,MHW Papps
977,HT Davis
978,TK Canning
979,MW Douglas
980,MJ Henry
981,JP Millmow
982,RA Jones
983,AJ Penn
984,LW Stott
985,BR Taylor
986,RJ Webb
987,MDJ Walker
988,PJ Wiseman
989,MD Bell
990,BP Bracewell
991,RW Anderson
992,CE Bulfin
993,RG Hart
994,V Pollard
995,LJ Hamilton
996,MJ Haslam
997,RL Hayes
998,NM Parker
999,MB Owens
1000,MH Richardson
1001,PA Horne
1002,ADG Roberts
1003,SJ Roberts
1004,DJ White
1005,WA Wisneski
1006,GP Sulzberger
1007,MD Bailey
1008,AR Tait
1009,KP Walmsley
1010,TJ Franklin
1011,BG Hadlee
1012,SL Stewart
1013,RT Hart
1014,DJ Murray
1015,GE Vivian
1016,RE Redmond
1017,Saeed Anwar
1018,Javed Miandad
1019,Saleem Malik
1020,Ijaz Ahmed
1021,N Kapil Dev
1022,Aamer Sohail
1023,Wasim Akram
1024,Imran Khan
1025,Moin Khan
1026,Mudassar Nazar
1027,Zaheer Abbas
1028,Yasir Hameed
1029,Mohsin Khan
1030,Rashid Latif
1031,Saleem Elahi
1032,Azhar Mahmood
1033,S Madan Lal
1034,Shoaib Mohammad
1035,Basit Ali
1036,Asif Mujtaba
1037,Waqar Younis
1038,Majid Khan
1039,Wasim Raja
1040,Saleem Yousuf
1041,Manzoor Elahi
1042,Saqlain Mushtaq
1043,Qasim Umar
1044,Abdul Qadir
1045,Mansoor Akhtar
1046,Aamer Malik
1047,Mohammad Wasim
1048,Taufeeq Umar
1049,Azhar Ali
1050,Y Venugopal Rao
1051,Mushtaq Ahmed
1052,J Arun Lal
1053,Sadiq Mohammad
1054,Wajahatullah Wasti
1055,Zahid Fazal
1056,Asif Iqbal
1057,R Vijay Bharadwaj
1058,Faisal Iqbal
1059,Zahoor Elahi
1060,Aaqib Javed
1061,Naved Latif
1062,Jai P Yadav
1063,Hasan Raza
1064,Khurram Manzoor
1065,Sarfraz Nawaz
1066,Wasim Bari
1067,Tahir Naqqash
1068,Mushtaq Mohammad
1069,Moin-ul-Atiq
1070,B Yograj Singh
1071,Ijaz Faqih
1072,Akram Raza
1073,Saadat Ali
1074,Haroon Rasheed
1075,Mohammad Hussain
1076,Shahid Saeed
1077,R Sudhakar Rao
1078,Arshad Khan
1079,Bazid Khan
1080,S Abid Ali
1081,Sajid Ali
1082,Shahid Mahboob
1083,Bhupinder Singh snr
1084,Azam Khan
1085,Tauseef Ahmed
1086,Naved Anjum
1087,Hasan Jamil
1088,Rashid Khan
1089,Manzoor Akhtar
1090,Aamer Hanif
1091,Anil Dalpat
1092,Younis Ahmed
1093,GD Watson
1094,Ashraf Ali
1095,Akhtar Sarfraz
1096,Saeed Azad
1097,Adnan Akmal
1098,Shakeel Ahmed jnr
1099,Humayun Farhat
1100,Sohail Fazal
1101,Ghulam Ali
1102,Zafar Iqbal
1103,Azeem Hafeez
1104,Azmat Rana
1105,Shafiq Ahmed
1106,Iqbal Qasim
1107,Shahid Anwar
1108,Saleem Jaffar
1109,Ata-ur-Rehman
1110,Atiq-uz-Zaman
1111,Sikander Bakht
1112,Imran Abbas
1113,Kamran Hussain
1114,Taslim Arif
1115,Mohsin Kamal
1116,GS Trimble
1117,Mujahid Jamshed
1118,Zakir Khan
1119,Pervez Mir
1120,Wasim Haider
1121,Saleem Altaf
1122,Shahid Nazir
1123,Naeem Ashraf
1124,Rizwan-uz-Zaman
1125,Mohammad Akram
1126,Saleem Pervez
1127,Zulqarnain
1128,Intikhab Alam
1129,Irfan Fazil
1130,Mansoor Rana
1131,Mohammad Zahid
1132,Asif Mahmood
1133,Nadeem Ghauri
1134,Aamer Nazir
1135,Usman Salahuddin
1136,Danish Kaneria
1137,Javed Qadeer
1138,Arshad Pervez
1139,Haafiz Shahid
1140,Asif Masood
1141,Mohammad Khalil
1142,Kabir Khan
1143,Faisal Athar
1144,Fazl-e-Akbar
1145,Liaqat Ali
1146,Ehsan Adil
1147,Aamer Hameed
1148,Jalal-ud-Din
1149,Maqsood Rana
1150,Ijaz Ahmed jnr
1151,Naumanullah
1152,Irfan Bhatti
1153,Sajjad Akbar
1154,Mohammad Nazir
1155,Naeem Ahmed
1156,Rizwan Ahmed
1157,Zahid Ahmed
1158,Junaid Zia
1159,Shadab Kabir
1160,Kashif Raza
1161,Masood Iqbal
1162,Nadeem Khan
1163,Iqbal Sikander
1164,Mahmood Hamid
1165,Nasim-ul-Ghani
1166,Ashfaq Ahmed
1167,Mohammad Talha
1168,DF Whatmore
1169,Najaf Shah
1170,Naseer Malik
1171,Rahat Ali
1172,Shakeel Khan
1173,Tanvir Mehdi
1174,Samiullah Khan
1175,PA de Silva
1176,A Ranatunga
1177,RS Mahanama
1178,AP Gurusinha
1179,HP Tillakaratne
1180,RS Kaluwitharana
1181,DA Gunawardene
1182,UDU Chandana
1183,RL Dias
1184,LRD Mendis
1185,HDPK Dharmasena
1186,DSBP Kuruppu
1187,RS Madugalle
1188,TT Samaraweera
1189,DJ Richardson
1190,RS Kalpage
1191,MAR Samarasekera
1192,JR Ratnayeke
1193,S Wettimuny
1194,JN Rhodes
1195,WJ Cronje
1196,UC Hathurusingha
1197,DJ Cullinan
1198,G Kirsten
1199,RJ Ratnayake
1200,BM McMillan
1201,ALF de Mel
1202,SAR Silva
1203,L Klusener
1204,RG de Alwis
1205,WS Jayantha
1206,DS de Silva
1207,GP Wickramasinghe
1208,DNT Zoysa
1209,LWS Kaluperuma
1210,AA Donald
1211,HM Goonatilleke
1212,MN Nawaz
1213,TCB Fernando
1214,ARM Opatha
1215,HAPW Jayawardene
1216,PL Symcox
1217,S Jeganathan
1218,SP Pasqual
1219,UNK Fernando
1220,MAWR Madurasinghe
1221,DN Crookes
1222,KIW Wijegunawardene
1223,AC Hudson
1224,HSM Pieris
1225,RGCE Wijesuriya
1226,PS de Villiers
1227,IS Gallage
1228,RSA Jayasekera
1229,KN Amalean
1230,AMN Munasinghe
1231,PN Kirsten
1232,AM de Silva
1233,SMS Kaluperuma
1234,DLS de Silva
1235,GN de Silva
1236,CR Matthews
1237,GRA de Silva
1238,S Elworthy
1239,TL Fernando
1240,SJ Palframan
1241,JC Gamage
1242,DM Vonhagt
1243,MJR Rindel
1244,WCA Ganegama
1245,PR Adams
1246,MKGCP Lakshitha
1247,RP Snell
1248,DJ Callaghan
1249,MKDI Amerasinghe
1250,EO Simons
1251,RPAH Wickramaratne
1252,N Pothas
1253,JWHD Boteju
1254,ELR Stewart
1255,D Gamage
1256,AM Bacher
1257,PD Heyn
1258,MC Mendis
1259,M Hayward
1260,AAW Gunawardena
1261,AP Weerakkody
1262,MD Wettimuny
1263,AGD Wickremasinghe
1264,CI Dunusinghe
1265,SA Jayasinghe
1266,M van Jaarsveld
1267,DM Benkenstein
1268,KJ Silva
1269,KPJ Warnaweera
1270,CE Eksteen
1271,MRCN Bandaratilleke
1272,D Elgar
1273,N Pradeep
1274,SD Jack
1275,N Ranatunga
1276,LJ Koen
1277,AP Kuiper
1278,S Ranatunga
1279,DB Rundle
1280,GF Labrooy
1281,PC Strydom
1282,SHU Karnain
1283,CPH Ramanayake
1284,AC Dawson
1285,PL Harris
1286,SMA Priyanjan
1287,MW Pringle
1288,ASA Perera
1289,TG Shaw
1290,HS Williams
1291,B Warnapura
1292,S Abrahams
1293,SKL de Silva
1294,RE Bryson
1295,SJ Cook
1296,AN Ranasinghe
1297,O Henry
1298,DK Liyanage
1299,JC Kent
1300,EAR de Silva
1301,APB Tennekoon
1302,AG Puttick
1303,SRD Wettimuny
1304,MW Rushmere
1305,CP Senanayake
1306,M Yachad
1307,T Bosch
1308,ERNS Fernando
1309,DP Samaraweera
1310,CW Henderson
1311,PB Dassanayake
1312,GFJ Liebenberg
1313,VB John
1314,FDM Karunaratne
1315,PV Mpitsang
1316,PC de Silva
1317,MH Tissera
1318,CEB Rice
1319,KDK Vithanage
1320,BN Schultz
1321,Y Goonasekera
1322,PJR Steyn
1323,DJ Terbrugge
1324,SD Anurasiri
1325,MS Tshabalala
1326,SK Ranasinghe
1327,CJPG van Zyl
1328,RAP Nissanka
1329,CM Willoughby
1330,D Ranatunga
1331,KEA Upashantha
1332,MG Vandort
1333,ER Fernando
1334,KHRK Fernando
1335,KSC de Silva
1336,CKB Kulasekara
1337,PW Gunaratne
1338,KR Pushpakumara
1339,SM Warnapura
1340,AJ Woodcock
1341,CEL Ambrose
1342,CA Walsh
1343,J Garner
1344,MD Marshall
1345,MA Holding
1346,AME Roberts
1347,M Dillon
1348,WKM Benjamin
1349,PJL Dujon
1350,CL Hooper
1351,RD Jacobs
1352,IR Bishop
1353,RA Harper
1354,CD Collymore
1355,BC Lara
1356,CE Cuffy
1357,RD King
1358,IVA Richards
1359,RB Richardson
1360,JC Adams
1361,PV Simmons
1362,CO Browne
1363,AL Logie
1364,DL Haynes
1365,EAE Baptiste
1366,JR Murray
1367,AC Cummins
1368,CG Greenidge
1369,VC Drakes
1370,BD Julien
1371,NAM McLean
1372,D Williams
1373,RL Powell
1374,AH Gray
1375,CH Lloyd
1376,DL Murray
1377,ST Clarke
1378,FA Rose
1379,KCG Benjamin
1380,KLT Arthurton
1381,HA Gomes
1382,VA Holder
1383,SL Campbell
1384,OD Gibson
1385,CL King
1386,SC Williams
1387,DA Murray
1388,KD Boyce
1389,MV Nagamootoo
1390,AI Kallicharran
1391,PA Wallace
1392,SFAF Bacchus
1393,BP Nash
1394,NC McGarrell
1395,BP Patterson
1396,PT Collins
1397,RIC Holder
1398,DR Parry
1399,LR Williams
1400,NO Perry
1401,OAC Banks
1402,S Chattergoon
1403,CA Best
1404,TRO Payne
1405,RC Fredericks
1406,CB Lambert
1407,WW Daniel
1408,KA Edwards
1409,RO Hinds
1410,AFG Griffith
1411,KF Semple
1412,RC Haynes
1413,RO Hurley
1414,RS Gabriel
1415,HR Bryan
1416,RB Kanhai
1417,PA Browne
1418,SC Joseph
1419,LG Rowe
1420,LV Garrick
1421,LR Johnson
1422,MR Pydanna
1423,EH Mattis
1424,RG Samuels
1425,IT Shillingford
1426,WW Davis
1427,MLC Foster
1428,CEH Croft
1429,HAG Anthony
1430,AE Greenidge
1431,R Dhanraj
1432,S Shivnarine
1433,RGA Headley
1434,RR Emrit
1435,JJC Lawson
1436,KCB Jeremy
1437,D Mohammed
1438,MA Small
1439,GS Sobers
1440,V Permaul
1441,CEL Stuart
1442,D Brown
1443,MI Black
1444,RA Austin
1445,BS Browne
1446,EA Moseley
1447,RT Crandon
1448,D Ramnarine
1449,ML Cummins
1450,JN Mohammed
1451,LR Gibbs
1452,PIC Thompson
1453,RR Ramdass
1454,NT Pascal
1455,N Phillip
1456,CM Tuckett
1457,Kapil Dev
1458,Madan Lal
1459,Vinay Kumar
1460,Abid Ali
1461,P Yadav
1462,Yograj Singh
1463,Vijay Bharadwaj
1464, Bhupinder Singh snr
1465,Arun Lal
1466,Sudhakar Rao
1467,Venugopal Rao
1468,RG Holland
1469,AL Thomson
1470,GD McKenzie
1471,JA Snow
1472,SP Jones
1473,NV Radford
1474,LB Taylor
1475,R Illingworth
1476,JG Thomas
1477,SL Watkin
1478,NGB Cook
1479,N Gifford
1480,DV Lawrence
1481,G Onions
1482,PI Pocock
1483,IDK Salisbury
1484,AJ Tudor
1485,JP Agnew
1486,JE Benjamin
1487,GA Cope
1488,PJ Franks
1489,AP Grayson
1490,AGR Loudon
1491,K Shuttleworth
1492,DS Steele
1493,JP Taylor
1494,M Watkinson
1495,MC Cowdrey
1496, Naved-ul-Hasan
1497, Ata-ur-Rehman
1498, Jalal-ud-Din
1499, Fazl-e-Akbar
1500, Inzamam-ul-Haq
1501, Misbah-ul-Haq
1502, Atiq-uz-Zaman
1503, Moin-ul-Atiq
1504, Nasim-ul-Ghani
1505, Naumanullah
1506, Rizwan-uz-Zaman
1507, Zulqarnain
1508,RE vander Merwe
1509,JJ vander Wath
1510,KADM Fernando
1511,FRMD Gunatilleke
1512,PS Jayaprakashdaran
1513,FS Ahangama
1514,KG Perera
1515,NLK Ratnayake
1516,S Weerakoon
1517, Dunusinghe
1518,M Hendrick
1519,MA Lynch
1520,Sir RJ
1521, T Yohannan
1522,Inzamam-ul-Haq
1523,Misbah-ul-Haq
1524,Zulqarnain
1525,Naved-ul-Hasan
1526,Atiq-uz-Zaman
1527,Rizwan-uz-Zaman
1528,Jalal-ud-Din
1529,Ata-ur-Rehman
1530,Fazl-e-Akbar
1531,Moin-ul-Atiq
1532,Nasim-ul-Ghani
1533,Naumanullah
1534,
1535,R Benaud
1536,ATW Grout
1537,CV Grimmett
1538,WAS Oldfield
1539,WJ O'Reilly
1540,GRA Langley
1541,DG Bradman
1542,H Carter
1543,RN Harvey
1544,CTB Turner
1545,JJ Kelly
1546,JM Blackham
1547,GE Palmer
1548,HB Taber
1549,D Tallon
1550,H Trumble
1551,BN Jarman
1552,G Giffen
1553,AK Davidson
1554,WW Armstrong
1555,RR Lindwall
1556,SJ McCabe
1557,FR Spofforth
1558,KR Miller
1559,JM Gregory
1560,AR Morris
1561,C Hill
1562,JW Gleeson
1563,WA Johnston
1564,VT Trumper
1565,AL Hassett
1566,IWG Johnson
1567,MA Noble
1568,CC McDonald
1569,J Darling
1570,H Ironmonger
1571,SE Gregory
1572,EJM Cowan
1573,C Kelleway
1574,TW Garrett
1575,VY Richardson
1576,RA Saggers
1577,NC O'Neill
1578,PJP Burge
1579,KD Mackay
1580,AC Bannerman
1581,W Bardsley
1582,RM Cowper
1583,GB Hole
1584,E Jones
1585,WM Woodfull
1586,WP Howell
1587,WH Ponsford
1588,GHS Trott
1589,RG Archer
1590,LV Maddocks
1591,NJN Hawke
1592,CG Macartney
1593,JW Burke
1594,AH Jarvis
1595,JJ Ferris
1596,BC Booth
1597,TR Veivers
1598,J Ryder
1599,JD Higgs
1600,GJ Bonnor
1601,HF Boyle
1602,FA Iredale
1603,WA Brown
1604,CE McLeod
1605,E Evans
1606,CR Miller
1607,WJ Whitty
1608,AG Chipperfield
1609,AG Fairfax
1610,ERH Toshack
1611,TW Wall
1612,SG Barnes
1613,RA Duff
1614,HL Collins
1615,CL McCool
1616,PR Sleep
1617,AA Mailey
1618,WL Murdoch
1619,JHW Fingleton
1620,FJ Laver
1621,I Meckiff
1622,AF Kippax
1623,VS Ransford
1624,JV Saunders
1625,J Worrall
1626,TJE Andrews
1627,LF Kline
1628,W Bruce
1629,RK Oxenham
1630,WE Midwinter
1631,AJY Hopkins
1632,JM Taylor
1633,AJ Richardson
1634,CJL Rogers
1635,EA McDonald
1636,HSTL Hendry
1637,PA McAlister
1638,A Cotter
1639,PS McDonnell
1640,TV Hohns
1641,LE Favell
1642,LO Fleetwood-Smith
1643,GR Hazlitt
1644,LS Darling
1645,DT Ring
1646,EL McCormick
1647,HJH Scott
1648,RW McLeod
1649,PI Philpott
1650,PM Hornibrook
1651,A Jackson
1652,ML Love
1653,SJE Loxton
1654,JW Trumble
1655,TJ Matthews
1656,EW Freeman
1657,JJ Lyons
1658,JW Martin
1659,TK Kendall
1660,W Carkeek
1661,DRA Gehrs
1662,TP Horan
1663,HV Hordern
1664,DD Blackie
1665,GE Corling
1666,FM Misson
1667,LJ Nash
1668,BA Barnett
1669,EL a'Beckett
1670,CB Jennings
1671,HH Massie
1672,AD Ogilvie
1673,RJ Quiney
1674,BK Shepherd
1675,DA Renneberg
1676,KE Rigg
1677,CE Pellew
1678,TR McKibbin
1679,AB McDonald
1680,LC Mayne
1681,RJ Inverarity
1682,JM Bird
1683,TA Copeland
1684,ST Callaway
1685,MW Sievers
1686,WH Cooper
1687,FA Ward
1688,AE Trott
1689,JC Hill
1690,JB Iverson
1691,CL Badcock
1692,A Hurwood
1693,JH de Courcy
1694,AJ Doolan
1695,WPA Crawford
1696,B Dooland
1697,JB Gannon
1698,H Graham
1699,RB Minnett
1700,J Moroney
1701,GF Rorke
1702,G Noblet
1703,HSB Love
1704,ID Craig
1705,HC Nitschke
1706,JDA O'Connor
1707,LPJ O'Brien
1708,MG Waite
1709,G Thomas
1710,NFD Thomson
1711,G Alexander
1712,RC Allen
1713,PK Lee
1714,EH Bromley
1715,FJ Burton
1716,AR Dell
1717,B Casson
1718,CD Matthews
1719,BB Cooper
1720,SMJ Woods
1721,AC Agar
1722,H Donnan
1723,CJ Eady
1724,SH Emery
1725,DE Hoare
1726,C Bannerman
1727,LJ Johnson
1728,FE Allan
1729,KA Archer
1730,PG McShane
1731,OE Nothling
1732,AL Mann
1733,J Benaud
1734,RA Gaunt
1735,ER Mayne
1736,SA Muller
1737,S Morris
1738,MA Beer
1739,DJ Sincock
1740,GB Stevens
1741,FH Walters
1742,WJ Watson
1743,JE Barrett
1744,SH Cook
1745,H Moses
1746,PE McIntyre
1747,A Coningham
1748,JT Cottam
1749,HI Ebeling
1750,JD Edwards
1751,JR Hodges
1752,BC Francis
1753,WF Giffen
1754,EJ Gregory
1755,LE Nagel
1756,RG Gregory
1757,RA Hamence
1758,KN Slater
1759,J Harry
1760,GE Tribe
1761,MJ Hartigan
1762,PA Hibbert
1763,WA Hunt
1764,TJD Kelly
1765,HM Thurlow
1766,PJ Allan
1767,J McIlwraith
1768,AP Marr
1769,KD Meuleman
1770,WH Moule
1771,JC Reedman
1772,JRF Duncan
1773,RH Robinson
1774,MJ Nicholson
1775,RHD Sellers
1776,HH Alexander
1777,JPF Travers
1778,FAW Freer
1779,PR George
1780,JR Watkins
1781,JW McLaren
1782,WR Robertson
1783,S Young
1784,AEV Hartkopf
1785,BE McGain
1786,EJK Burn
1787,JW Rutherford
1788,PC Charlton
1789,G Coulthard
1790,DW Gregory
1791,KH Eastwood
1792,CEJ Guest
1793,TU Groube
1794,RL Park
1795,GR Thoms
1796,MR Harvey
1797,LR Joslin
1798,DBM Smith
1799,HA Musgrove
1800,WN Phillips
1801,RJ Pope
1802,J Slight
1803,GAR Lock
1804,TG Evans
1805,FJ Titmus
1806,JM Parks
1807,WR Hammond
1808,LEG Ames
1809,DA Allen
1810,JC Laker
1811,AFA Lilley
1812,L Hutton
1813,H Verity
1814,KF Barrington
1815,TW Graveney
1816,JB Statham
1817,MW Tate
1818,AV Bedser
1819,H Strudwick
1820,FS Trueman
1821,DCS Compton
1822,FE Woolley
1823,MA Butcher
1824,G Duckworth
1825,W Rhodes
1826,JB Hobbs
1827,JT Murray
1828,MJK Smith
1829,H Sutcliffe
1830,R Peel
1831,PBH May
1832,ER Dexter
1833,JH Wardle
1834,PH Parfitt
1835,LC Braund
1836,WJ Edrich
1837,J Briggs
1838,WG Grace
1839,TE Bailey
1840,GA Lohmann
1841,EH Hendren
1842,SF Barnes
1843,APF Chapman
1844,W Attewell
1845,JT Ikin
1846,RG Barlow
1847,M Leyland
1848,AC MacLaren
1849,C Washbrook
1850,A Shrewsbury snr
1851,G Ulyett
1852,W Bates
1853,DR Jardine
1854,R Swetman
1855,W Barnes
1856,JC White
1857,FR Brown
1858,PE Richardson
1859,E Peate
1860,RW Barber
1861,TW Hayward
1862,G Pullar
1863,GOB Allen
1864,AC Smith
1865,C Blythe
1866,EJ Smith
1867,RES Wyatt
1868,GH Hirst
1869,CB Fry
1870,R Tattersall
1871,G MacGregor
1872,JT Hearne
1873,W Voce
1874,PJ Sharpe
1875,AJ Watkins
1876,BR Knight
1877,WW Read
1878,JT Tyldesley
1879,K Higgs
1880,G Gunn
1881,J Hardstaff jnr
1882,AO Jones
1883,H Larwood
1884,G Millman
1885,T Richardson
1886,E Paynter
1887,CJ Barnett
1888,PGH Fender
1889,DJ Brown
1890,G Geary
1891,Hon.FS Jackson
1892,R Pilling
1893,DVP Wright
1894,AE Relf
1895,RT Simpson
1896,WE Hollies
1897,NWD Yardley
1898,R Abel
1899,JN Crawford
1900,A Shaw
1901,RE Foster
1902,JW Hearne
1903,KS Ranjitsinhji
1904,AP Freeman
1905,G Brown
1906,CP Mead
1907,RWV Robins
1908,Rev.DS Sheppard
1909,PM Such
1910,RT Spooner
1911,JB Mortimore
1912,WE Bowes
1913,JH Board
1914,Harry Elliott
1915,FR Foster
1916,F Morley
1917,J Hunter
1918,GL Jessop
1919,JA Young
1920,MS Nichols
1921,AE Stoddart
1922,H Philipson
1923,PJ Loader
1924,W Storer
1925,KS Duleepsinhji
1926,A Wood
1927,GE Tyldesley
1928,AG Steel
1929,R Subba Row
1930,K Farnes
1931,JWHT Douglas
1932,WH Lockwood
1933,WE Astill
1934,EFS Tylecote
1935,IJ Jones
1936,TW Cartwright
1937,FH Tyson
1938,BJT Bosanquet
1939,D Shackleton
1940,CAG Russell
1941,D Wilson
1942,T Emmett
1943,W Flowers
1944,JDB Robertson
1945,KL Hutchings
1946,RA Hutton
1947,A Sandham
1948,A Mitchell
1949,AS Kennedy
1950,RT Stanyforth
1951,GTS Stevens
1952,EG Arnold
1953,JSE Price
1954,JG Binks
1955,C Gladwin
1956,WL Cornford
1957,JDF Larter
1958,D Denton
1959,R Kilner
1960,S Haigh
1961,GG Macaulay
1962,WK Hegg
1963,RNS Hobbs
1964,AE Moss
1965,DJ Insole
1966,AJW McIntyre
1967,JM Read
1968,IAR Peebles
1969,GB Studd
1970,TS Worthington
1971,CF Walters
1972,RK Tyldesley
1973,Hon.IFW Bligh
1974,AER Gilligan
1975,JT Brown
1976,EW Clark
1977,JF Crapp
1978,W Farrimond
1979,R Appleyard
1980,WS Lees
1981,NI Thomson
1982,J Humphries
1983,C Milburn
1984,ASM Oakman
1985,T Greenhough
1986,FL Fane
1987,GJ Thompson
1988,M Sherwin
1989,MJ Hilton
1990,WW Whysall
1991,R Pollard
1992,TWJ Goddard
1993,W Brockwell
1994,PF Warner
1995,R Howorth
1996,James Langridge
1997,JW Sharpe
1998,LJ Coldwell
1999,CT Studd
2000,JM Sims
2001,MJ Stewart
2002,PA Gibb
2003,VWC Jupp
2004,Lord Tennyson
2005,CH Parkin
2006,JR Gunn
2007,GEC Wood
2008,NE Haig
2009,RA Young
2010,MC Bird
2011,FE Rumsey
2012,WH Scotton
2013,NF Druce
2014,AE Fagg
2015,FGJ Ford
2016,JB Bolus
2017,SC Griffith
2018,RO Jenkins
2019,W Gunn
2020,D Kenyon
2021,RH Spooner
2022,FA Lowson
2023,NRD Compton
2024,SJ Staples
2025,CA Milton
2026,GAE Paine
2027,WM Bradley
2028,R Berry
2029,AR Lewis
2030,CF Root
2031,ET Smith
2032,BH Valentine
2033,RW Tolchard
2034,A Fielder
2035,PM Walker
2036,AJ Fothergill
2037,RMH Cottam
2038,AH Bakewell
2039,G Bean
2040,CIJ Smith
2041,LH Gay
2042,MC Ilott
2043,HI Young
2044,JW Hitch
2045,K Cranston
2046,A Hill
2047,ERT Holmes
2048,James Lillywhite jnr
2049,ND Howard
2050,FG Mann
2051,WGA Parkhouse
2052,JE McConnon
2053,WE Russell
2054,F Barratt
2055,FT Mann
2056,J Birkenshaw
2057,LJ Moon
2058,WR Cuttell
2059,TC O'Brien
2060,P Holmes
2061,WG Quaife
2062,JL Hopwood
2063,AW Mold
2064,WH Copson
2065,HJ Butler
2066,HL Jackson
2067,F Martin
2068,J Southerton
2069,JH Childs
2070,Hon.FSG Calthorpe
2071,MJC Allom
2072,AW Carr
2073,J Hardstaff snr
2074,TS Curtis
2075,RKJ Dawson
2076,GHG Doggart
2077,GB Legge
2078,AR Gover
2079,Lord Hawke
2080,C Heseltine
2081,W Brearley
2082,CP Buckenham
2083,E Leadbeater
2084,WHV Levett
2085,JA Flavell
2086,JR Mason
2087,H Morris
2088,W Mead
2089,JWH Makepeace
2090,H Dean
2091,F Ridgway
2092,H Howell
2093,LF Townsend
2094,A Ward
2095,ESH Giddins
2096,J Selby
2097,TB Mitchell
2098,H Wood
2099,EH Bowley
2100,NA Mallender
2101,AJL Hill
2102,MJ Saggers
2103,HR Butt
2104,MJ Horton
2105,PJ Newport
2106,GHT Simpson-Hayward
2107,GF Grace
2108,MJ McCague
2109,A Greenwood
2110,RTD Perks
2111,Lord Harris
2112,JC Hartley
2113,EG Hayes
2114,CWL Parker
2115,RA Sinfield
2116,L Hone
2117,CA Smith
2118,TA Munton
2119,MJL Turnbull
2120,H Jupp
2121,ET Killick
2122,HD Read
2123,Hon.A Lyttelton
2124,S Christopherson
2125,F Mitchell
2126,A Coxon
2127,J O'Connor
2128,AP Lucas
2129,LCH Palairet
2130,DV Smith
2131,AD Pougher
2132,MF Tremlett
2133,WFF Price
2134,VPFA Royle
2135,J Ormond
2136,GH Pope
2137,FW Tate
2138,VP Terry
2139,J Sharp
2140,E Wainwright
2141,AJ Webbe
2142,AW Wellard
2143,KV Andrew
2144,CFH Leslie
2145,JC Balderstone
2146,HJ Rhodes
2147,W Barber
2148,A Brown
2149,MP Bowden
2150,JH Parks
2151,DV Brennan
2152,EW Dawson
2153,HR Bromley-Davenport
2154,J Iddon
2155,D Brookes
2156,MWW Selvey
2157,SJE Brown
2158,A Warren
2159,CJ Poole
2160,JC Clay
2161,LL Wilkinson
2162,MW Booth
2163,J Cranston
2164,CS Marriott
2165,HE Dollery
2166,A Dolphin
2167,ADG Matthews
2168,A Ducat
2169,LB Fishlock
2170,JER Gallian
2171,H Gimblett
2172,EM Grace
2173,AN Hornby
2174,A Hearne
2175,KE Palmer
2176,F Hearne
2177,ACS Pigott
2178,Nawab of Pataudi snr
2179,A Waddington
2180,W Place
2181,AE Knight
2182,DJ Knight
2183,DB Carr
2184,HDG Leveson Gower
2185,IA Greig
2186,CP McGahey
2187,IJ Ward
2188,EJ Tyler
2189,D Smith
2190,FW Milligan
2191,JJ Warr
2192,JH King
2193,CW Wright
2194,DW Richardson
2195,TPB Smith
2196,JG Dewes
2197,CL Townsend
2198,DW White
2199,NF Williams
2200,ER Wilson
2201,H Smith
2202,C Cook
2203,GB Street
2204,K Taylor
2205,DCH Townsend
2206,NC Tufnell
2207,DW Carr
2208,RM Prideaux
2209,TL Richmond
2210,SS Schultz
2211,N Oldfield
2212,A Sidebottom
2213,TF Smailes
2214,CA Absolom
2215,U Afzaal
2216,FJ Durston
2217,AG Archer
2218,T Armitage
2219,NA Knox
2220,J Arnold
2221,VA Barton
2222,DJ Pattinson
2223,AM Smith
2224,HRJ Charlwood
2225,W Chatterton
2226,Hon.CJ Coventry
2227,GM Hamilton
2228,MN Lathwell
2229,AE Dipper
2230,GM Emmett
2231,AJ Evans
2232,CH Palmer
2233,EG Wynyard
2234,F Penn
2235,AHH Gilligan
2236,SP James
2237,BAF Grieve
2238,A Habib
2239,C Hallows
2240,GA Smithson
2241,HTW Hardinge
2242,GG Hearne
2243,WW Keeton
2244,SC Kerrigan
2245,SP Kinneir
2246,DEV Padgett
2247,FH Sugg
2248,HW Lee
2249,JCW MacBryan
2250,FA MacKinnon
2251,JEP McMaster
2252,J Vine
2253,AM Miller
2254,NS Mitchell-Innes
2255,W Newham
2256,CEM Wilson
2257,PWG Parker
2258,JP Stephenson
2259,J Shuter
2260,A Wharton
2261,GF Vernon
2262,R Wood
2263,MH Mankad
2264,RG Nadkarni
2265,SP Gupte
2266,NS Tamhane
2267,EAS Prasanna
2268,PR Umrigar
2269,CG Borde
2270,VL Manjrekar
2271,PK Sen
2272,MAK Pataudi
2273,SA Durani
2274,BK Kunderan
2275,PG Joshi
2276,DG Phadkar
2277,P Roy
2278,RF Surti
2279,VS Hazare
2280,GS Ramchand
2281,Ghulam Ahmed
2282,ML Jaisimha
2283,NJ Contractor
2284,DN Sardesai
2285,L Amarnath
2286,RB Desai
2287,A Chopra
2288,Surendranath
2289,L Amar Singh
2290,Hanumant Singh
2291,JM Patel
2292,Yajurvindra Singh
2293,AG Kripal Singh
2294,KS Indrajitsinhji
2295,MK Mantri
2296,V Subramanya
2297,HR Adhikari
2298,SG Shinde
2299,MV Narasimha Rao
2300,VM Merchant
2301,Dilawar Hussain
2302,VV Kumar
2303,RV Divecha
2304,S Mushtaq Ali
2305,M Nissar
2306,RS Modi
2307,S Nyalchand
2308,VB Ranjane
2309,AA Baig
2310,CV Gadkari
2311,BP Gupte
2312,M Jahangir Khan
2313,DK Gaekwad
2314,A Mukund
2315,ML Apte
2316,PH Punjabi
2317,CK Nayudu
2318,S Guha
2319,AR Bhat
2320,JM Ghorpade
2321,NR Chowdhury
2322,HG Gaekwad
2323,CT Patankar
2324,V Rajindernath
2325,SW Sohoni
2326,VM Muddiah
2327,SA Banerjee
2328,MJ Gopalan
2329,Gul Mohammad
2330,GM Guard
2331,MS Hardikar
2332,DD Hindlekar
2333,JK Irani
2334,ES Maka
2335,VL Mehra
2336,CS Nayudu
2337,GR Sunderam
2338,RB Kenny
2339,CD Gopinath
2340,CR Rangachari
2341,SHM Colah
2342,S Wazir Ali
2343,RC Shukla
2344,RJD Jamshedji
2345,SN Banerjee
2346,CT Sarwate
2347,AG Milkha Singh
2348,R Singh
2349,Yuvraj of Patiala
2350,SR Patil
2351,P Bhandari
2352,RH Shodhan
2353,HT Dani
2354,A Gandotra
2355,DJ Johnson
2356,C Ramaswami
2357,AH Kardar
2358,KC Ibrahim
2359,G Kishenchand
2360,DD Parsana
2361,Lall Singh
2362,KR Meherhomji
2363,JG Navle
2364,UN Kulkarni
2365,AM Pai
2366,L Ramji
2367,IR Siddiqui
2368,KM Rangnekar
2369,VN Swamy
2370,MR Rege
2371,M Baqa Jilani
2372,HS Kanitkar
2373,Naoomal Jaoomal
2374,Rajinder Pal
2375,Vizianagram
2376,Amir Elahi
2377,PE Palia
2378,AL Apte
2379,AK Roy
2380,RD Parkar
2381,KK Tarapore
2382,LP Jai
2383,HK Jayantilal
2384,S Nazir Ali
2385,K Rai Singh
2386,RC Saxena
2387,AK Sengupta
2388,MM Sood
2389,JR Reid
2390,AE Dick
2391,RC Motz
2392,B Sutcliffe
2393,HB Cave
2394,FLH Mooney
2395,AR MacGibbon
2396,EC Petrie
2397,GT Dowling
2398,FJ Cameron
2399,CFK van Wyk
2400,BAG Murray
2401,JC Alabaster
2402,JT Ward
2403,BW Yuile
2404,KC James
2405,RS Cunis
2406,TB Burtt
2407,RW Morgan
2408,BW Sinclair
2409,RW Blair
2410,RI Harford
2411,ME Chapple
2412,TG McIntosh
2413,SN McGregor
2414,N Wagner
2415,GA Bartlett
2416,JA Hayes
2417,AM Moir
2418,TC Lowry
2419,BP Martin
2420,TG McMahon
2421,BD Milburn
2422,FT Badcock
2423,J Cowie
2424,MP Donnelly
2425,CS Dempster
2426,VJ Scott
2427,BA Pocock
2428,GO Rabone
2429,EWT Tindill
2430,HG Vivian
2431,WA Hadlee
2432,PGZ Harris
2433,TW Jarvis
2434,CFW Allcott
2435,ML Page
2436,RC Blunt
2437,SC Guillen
2438,BJ Arnel
2439,DD Beard
2440,PJ Petherick
2441,IB Cromb
2442,JT Sparling
2443,WM Wallace
2444,GF Cresswell
2445,PT Barton
2446,IA Colquhoun
2447,JL Kerr
2448,JW Guy
2449,WR Playle
2450,AW Roberts
2451,MB Poore
2452,GL Weir
2453,KW Hough
2454,JEF Beck
2455,GWF Overton
2456,GP Bilby
2457,IS Sodhi
2458,GR Dickinson
2459,JA Dunning
2460,N Puna
2461,DAR Moloney
2462,JG Leggat
2463,LSM Miller
2464,EW Dempster
2465,WP Bradburn
2466,AF Lissette
2467,W Bell
2468,IB Leggat
2469,AM Matheson
2470,N Gallichan
2471,WE Merritt
2472,J Newman
2473,GR Stead
2474,MJF Shrimpton
2475,IM Sinclair
2476,DD Taylor
2477,TD Astle
2478,LA Butterfield
2479,WM Anderson
2480,FE Fisher
2481,B Andrews
2482,MG Webb
2483,RT Barber
2484,BA Bolton
2485,JE Mills
2486,HM McGirr
2487,FB Smith
2488,NS Harford
2489,M Henderson
2490,BD Morrison
2491,CA Snedden
2492,DC Cleverley
2493,DL Freeman
2494,CG Rowe
2495,DAN McRae
2496,SG Gedye
2497,RH Scott
2498,PB Truscott
2499,DG Sewell
2500,C Burke
2501,JW D'Arcy
2502,RWG Emery
2503,H Foley
2504,K Thomson
2505,RM Harris
2506,EG McLeod
2507,GR Loveridge
2508,PE Whitelaw
2509,HD Smith
2510,T Meale
2511,EM Meuli
2512,L Watt
2513,Imtiaz Ahmed
2514,Fazal Mahmood
2515,Hanif Mohammad
2516,Saeed Ahmed
2517,Mahmood Hussain
2518,Pervez Sajjad
2519,W Mathias
2520,Khan Mohammad
2521,Maqsood Ahmed
2522,Shujauddin
2523,Asim Kamal
2524,Waqar Hasan
2525,Javed Burki
2526,Haseeb Ahsan
2527,Naushad Ali
2528,Alimuddin
2529,Zulfiqar Ahmed
2530,Nazar Mohammad
2531,A D'Souza
2532,Mohammad Ilyas
2533,Mohammad Farooq
2534,Nadeem Abbasi
2535,Wazir Mohammad
2536,Ehteshamuddin
2537,Ijaz Butt
2538,Shafqat Rana
2539,Mohammad Munaf
2540,Salahuddin
2541,Arif Butt
2542,Talat Ali
2543,Aftab Gul
2544,Agha Saadat Ali
2545,Khalid Ibadulla
2546,Miran Bakhsh
2547,Munir Malik
2548,Afaq Hussain
2549,Niaz Ahmed
2550,Shahid Israr
2551,Shan Masood
2552,Israr Ali
2553,DA Sharpe
2554,Mufasir-ul-Haq
2555,Abdul Kadir
2556,Shakeel Ahmed snr
2557,Ali Naqvi
2558,Mohammad Ayub
2559,Riaz Afridi
2560,Mohammad Ramzan
2561,SF Rehman
2562,Javed Akhtar
2563,Aftab Baloch
2564,Agha Zahid
2565,Ali Hussain Rizvi
2566,Yasir Ali
2567,Masood Anwar
2568,Anwar Hussain
2569,Anwar Khan
2570,Qaiser Abbas
2571,Atif Rauf
2572,Azhar Khan
2573,Farrukh Zaman
2574,Farhan Adil
2575,Farooq Hamid
2576,MEZ Ghazali
2577,Ghulam Abbas
2578,Khalid Hasan
2579,Naved Ashraf
2580,Shahid Mahmood
2581,Khalid Wazir
2582,Mohammad Aslam
2583,JHB Waite
2584,TL Goddard
2585,HJ Tayfield
2586,DT Lindsay
2587,B Mitchell
2588,HB Cameron
2589,AW Nourse
2590,WR Endean
2591,PW Sherwell
2592,EJ Barlow
2593,AD Nourse
2594,PM Pollock
2595,HW Taylor
2596,TA Ward
2597,NBF Mann
2598,CL Vincent
2599,DJ McGlew
2600,SJ Snooke
2601,NAT Adcock
2602,RA McLean
2603,GA Faulkner
2604,AEE Vogler
2605,RG Pollock
2606,AH McKinnon
2607,JT Partridge
2608,RO Schwarz
2609,AMB Rowan
2610,WW Wade
2611,EAB Rowan
2612,JC Watkins
2613,EP Nupen
2614,PNF Mansell
2615,JM Blanckenberg
2616,CB van Ryneveld
2617,KC Bland
2618,HD Bromfield
2619,JE Cheetham
2620,ARA Murray
2621,DPB Morkel
2622,RH Catterall
2623,JH Sinclair
2624,GM Fullerton
2625,KG Viljoen
2626,EA Halliwell
2627,AE Hall
2628,PS Heine
2629,ACB Langton
2630,NA Quinn
2631,PL van der Merwe
2632,A Bacher
2633,OC Dawson
2634,RE Grieveson
2635,GC White
2636,HJ Keith
2637,AJ Bell
2638,JW Zulch
2639,SJ Pegler
2640,L Tuckett
2641,IJ Siedle
2642,T Campbell
2643,HG Deane
2644,A Melville
2645,MJ Procter
2646,Q McMillan
2647,DB Pithey
2648,KJ Funston
2649,HR Lance
2650,CN McCarthy
2651,CB Llewellyn
2652,GWA Chubb
2653,AJ Pithey
2654,PHJ Trimborn
2655,GB Lawrence
2656,ERH Fuller
2657,J Middleton
2658,EL Dalton
2659,TL Tsolekile
2660,XC Balaskas
2661,SH Curnow
2662,VI Smith
2663,GA Rowe
2664,CM Francois
2665,CP Carter
2666,D Gamsy
2667,CMH Hathorn
2668,JD Lindsay
2669,JAJ Christy
2670,DEJ Ironside
2671,MK Elgie
2672,R Dumbrill
2673,MG Melle
2674,JT Botten
2675,S O'Linn
2676,LJ Tancred
2677,HGO Owen-Smith
2678,SF Burke
2679,MA Seymour
2680,AJ Traicos
2681,BA Richards
2682,HF Wade
2683,M Bisset
2684,JE Pothecary
2685,PGV van der Bijl
2686,PR Carlstein
2687,RJ Crisp
2688,CAR Duckworth
2689,HLE Promnitz
2690,PAM Hands
2691,GAL Hearne
2692,P Hutchinson
2693,GF Bissett
2694,JJ Kotze
2695,N Gordon
2696,JMM Commaille
2697,DJ Meintjes
2698,WA Shalders
2699,C Newberry
2700,BL Irvine
2701,ES Newson
2702,JB Robertson
2703,F Nicholson
2704,RM Poore
2705,LA Stricker
2706,JL Cox
2707,CH Vintcent
2708,EA van der Merwe
2709,KA Walter
2710,DP Conyngham
2711,OE Wynne
2712,R Beaumont
2713,DW Begbie
2714,WH Brann
2715,JB Commins
2716,RR Dower
2717,JH du Preez
2718,WS Farrer
2719,JP Fellows-Smith
2720,F de Wet
2721,CG Fichardt
2722,RA Gleeson
2723,WH Ashley
2724,R Graham
2725,D Pretorius
2726,MJ Susskind
2727,GA Kempis
2728,CN Frank
2729,MJ Macaulay
2730,WH Milton
2731,AW Powell
2732,A Rose-Innes
2733,M Ngam
2734,TW Routledge
2735,PL Winslow
2736,GH Shepstone
2737,GM Griffin
2738,CJE Smith
2739,JFW Nicolson
2740,FW Smith
2741,SD Snooke
2742,RB Stewart
2743,AB Tancred
2744,WVS Ling
2745,LR Tuckett
2746,CL Johnson
2747,HD Ackerman
2748,JT Willoughby
2749,JH Anderson
2750,RJ Westcott
2751,HV Baumgartner
2752,GA Chevalier
2753,AW Briscoe
2754,CGD Burger
2755,Z de Bruyn
2756,HW Chapman
2757,AL Ochse
2758,SK Coen
2759,JD Nel
2760,EB Lundie
2761,JB Plimsoll
2762,AHC Cooper
2763,CD Dixon
2764,OR Dunell
2765,JF du Toit
2766,LS Brown
2767,HH Francis
2768,WFE Marx
2769,CG Halse
2770,EQ Davies
2771,TA Harris
2772,GG Hall
2773,GPD Hartigan
2774,I Khan
2775,MA Hanley
2776,NV Lindsay
2777,CH Mills
2778,GD Varnals
2779,AW Palm
2780,DV Dyer
2781,DC Parkin
2782,JAK Cochran
2783,COC Pearse
2784,SV Samuelson
2785,NHCD Theunissen
2786,AW Seccull
2787,ID Buys
2788,WRT Solomon
2789,GK Glover
2790,D Taylor
2791,CFW Hime
2792,GL Tapscott
2793,F Kuys
2794,G Thornton
2795,NO Norton
2796,C Wesley
2797,WHB Frank
2798,EG Bock
2799,FL le Roux
2800,GE Bond
2801,N Reid
2802,CE Floquet
2803,FJ Cook
2804,GM Parker
2805,G Cripps
2806,HM Taberer
2807,RG Draper
2808,LE Tapscott
2809,LA Markham
2810,CE Finlason
2811,RL Harvey
2812,RHM Hands
2813,PT Lewis
2814,DS Tomlinson
2815,VM Tancred
2816,AE Ochse
2817,AI Taylor
2818,CFH Prince
2819,AR Richards
2820,WHM Richards
2821,PS Twentyman-Jones
2822,CS Wimble
2823,NT Paranavitana
2824,JK Silva
2825,AMJG Amerasinghe
2826,BR Jurangpathy
2827,S Kalavitigoda
2828,WRS de Silva
2829,CDUS Weerasinghe
2830,D Hettiarachchi
2831,AK Kuruppuarachchi
2832,PK Wijetunge
2833,RPW Guneratne
2834,S Ramadhin
2835,AL Valentine
2836,FCM Alexander
2837,CL Walcott
2838,ED Weekes
2839,WW Hall
2840,DS Atkinson
2841,GE Gomez
2842,FMM Worrell
2843,JL Hendriks
2844,CC Hunte
2845,OG Smith
2846,BF Butcher
2847,LN Constantine
2848,IM Barrow
2849,JDC Goddard
2850,SM Nurse
2851,RJ Christiani
2852,TM Findlay
2853,JB Stollmeyer
2854,GA Headley
2855,CC Griffith
2856,DW Allan
2857,DAJ Holford
2858,AP Binns
2859,RR Jumadeen
2860,FM King
2861,Inshan Ali
2862,JS Solomon
2863,MC Carew
2864,RS Grant
2865,CA Davis
2866,R Gilchrist
2867,CC Depeiaza
2868,W Ferguson
2869,S Shillingford
2870,JKC Holt
2871,GC Grant
2872,DRE Joseph
2873,CA McWatt
2874,AF Rae
2875,IL Mendonca
2876,RA Legall
2877,CA Roach
2878,HC Griffith
2879,AG Barrett
2880,ET Willett
2881,ES Atkinson
2882,DM Lewis
2883,CG Butts
2884,JN Shepherd
2885,A Sanford
2886,CM Christiani
2887,DT Dewdney
2888,GN Francis
2889,GS Camacho
2890,JED Sealy
2891,EE Achong
2892,PEW Jones
2893,BH Pairaudeau
2894,EDAS McMorris
2895,KC Brathwaite
2896,OC da Costa
2897,RO Scarlett
2898,FR Martin
2899,JM Noreiga
2900,EAC Hunte
2901,CD Watson
2902,AB Williams
2903,EA Martindale
2904,EAV Williams
2905,CW Smith
2906,CR Browne
2907,GC Shillingford
2908,LS Birkett
2909,MR Bynoe
2910,HHH Johnson
2911,CK Singh
2912,AB Fudadin
2913,JO Taylor
2914,PD Lashley
2915,LG Hylton
2916,ESM Kentish
2917,UG Dowe
2918,EL St Hill
2919,J Trim
2920,GA Greenidge
2921,CEL Jones
2922,CC Passailaigue
2923,WV Rodriguez
2924,BA Davis
2925,JA Small
2926,AW White
2927,DM Washington
2928,RK Nunes
2929,RM Edwards
2930,L Baichan
2931,BBM Gaskin
2932,EL Bartlett
2933,AL Padmore
2934,FI de Caires
2935,NE Marshall
2936,LA King
2937,SC Stayers
2938,IS Madray
2939,OC Scott
2940,R Nanan
2941,AB Howard
2942,VA Valentine
2943,IBA Allen
2944,GH Mudie
2945,GR Breese
2946,KH Weekes
2947,GM Carew
2948,JM Neblett
2949,Imtiaz Ali
2950,GL Gibbs
2951,OJ Phillips
2952,MG Grell
2953,ELG Hoad
2954,TF Johnson
2955,AHP Scott
2956,RC Miller
2957,RE Marshall
2958,CA Merry
2959,LS Butler
2960,JH Cameron
2961,G Gladstone
2962,WH St Hill
2963,NS Asgarali
2964,BJ Bess
2965,AG Ganteaume
2966,N Betancourt
2967,G Challenor
2968,HS Chang
2969,KR Rickards
2970,CB Clarke
2971,HA Furlonge
2972,MP Fernandes
2973,MC Frederick
2974,RL Fuller
2975,VH Stollmeyer
2976,AS Jaggernauth
2977,BJ Sealey
2978,CV Wight
2979,LA Walcott
2980,DJ Pagon
2981,LR Pierre
2982,S Ragoonath
2983,AT Roberts
2984,LA Roberts
2985,KL Wishart
2986,GL Wight
2987,CA Wiles
